anon_id,label,split,audio_path,mini_ast_probability,wav2vec_probability
call_0181ce113ebe,1,train,C:\Users\jesus\OneDrive\Escritorio\desition_tree\datos\channel_0\synthetic\call_0181ce113ebe__ch0.wav,0.12509165704250336,0.9950320720672607
call_018c9d3823ac,1,train,C:\Users\jesus\OneDrive\Escritorio\desition_tree\datos\channel_0\synthetic\call_018c9d3823ac__ch0.wav,0.47968554496765137,0.9950523972511292
call_01bf49059daf,1,train,C:\Users\jesus\OneDrive\Escritorio\desition_tree\datos\channel_0\synthetic\call_01bf49059daf__ch0.wav,0.6430729031562805,0.9950650334358215
call_01c3806808d6,1,train,C:\Users\jesus\OneDrive\Escritorio\desition_tree\datos\channel_0\synthetic\call_01c3806808d6__ch0.wav,0.7558948397636414,0.994983434677124
call_0294f969f98b,1,val,C:\Users\jesus\OneDrive\Escritorio\desition_tree\datos\channel_0\synthetic\call_0294f969f98b__ch0.wav,0.8220252394676208,0.9950698614120483
call_02c249d2f89d,1,train,C:\Users\jesus\OneDrive\Escritorio\desition_tree\datos\channel_0\synthetic\call_02c249d2f89d__ch0.wav,0.7990325689315796,0.9950647950172424
call_02d28871d7b3,1,train,C:\Users\jesus\OneDrive\Escritorio\desition_tree\datos\channel_0\synthetic\call_02d28871d7b3__ch0.wav,0.5848647356033325,0.9950489401817322
call_03680846967f,1,train,C:\Users\jesus\OneDrive\Escritorio\desition_tree\datos\channel_0\synthetic\call_03680846967f__ch0.wav,0.21348600089550018,0.9950351715087891
call_04d682ac0cef,0,train,C:\Users\jesus\OneDrive\Escritorio\desition_tree\datos\channel_0\human\call_04d682ac0cef__ch0.wav,0.7675943970680237,0.006770581007003784
call_05d6615469e1,1,train,C:\Users\jesus\OneDrive\Escritorio\desition_tree\datos\channel_0\synthetic\call_05d6615469e1__ch0.wav,0.8546193242073059,0.9950592517852783
call_0615c3630150,0,train,C:\Users\jesus\OneDrive\Escritorio\desition_tree\datos\channel_0\human\call_0615c3630150__ch0.wav,0.30527663230895996,0.006532676517963409
call_064d8dd77899,1,train,C:\Users\jesus\OneDrive\Escritorio\desition_tree\datos\channel_0\synthetic\call_064d8dd77899__ch0.wav,0.8962517380714417,0.9950805902481079
call_06b5a78ea12e,1,train,C:\Users\jesus\OneDrive\Escritorio\desition_tree\datos\channel_0\synthetic\call_06b5a78ea12e__ch0.wav,0.6278384327888489,0.9950640797615051
call_0847d7417bb1,1,val,C:\Users\jesus\OneDrive\Escritorio\desition_tree\datos\channel_0\synthetic\call_0847d7417bb1__ch0.wav,0.6724401712417603,0.9950773119926453
call_092aef8d1243,0,train,C:\Users\jesus\OneDrive\Escritorio\desition_tree\datos\channel_0\human\call_092aef8d1243__ch0.wav,0.01707274280488491,0.0063156806863844395
call_098d8081babe,1,train,C:\Users\jesus\OneDrive\Escritorio\desition_tree\datos\channel_0\synthetic\call_098d8081babe__ch0.wav,0.6478685140609741,0.9950636029243469
call_099dffdf8486,1,train,C:\Users\jesus\OneDrive\Escritorio\desition_tree\datos\channel_0\synthetic\call_099dffdf8486__ch0.wav,0.38392794132232666,0.9950637221336365
call_0a9c546208d1,0,train,C:\Users\jesus\OneDrive\Escritorio\desition_tree\datos\channel_0\human\call_0a9c546208d1__ch0.wav,0.5688811540603638,0.006988533306866884
call_0ab7d2a0c0f5,0,train,C:\Users\jesus\OneDrive\Escritorio\desition_tree\datos\channel_0\human\call_0ab7d2a0c0f5__ch0.wav,0.16017621755599976,0.006605135276913643
call_0cf2f4a71328,1,val,C:\Users\jesus\OneDrive\Escritorio\desition_tree\datos\channel_0\synthetic\call_0cf2f4a71328__ch0.wav,0.7201618552207947,0.9950757622718811
call_0e101713ee94,1,train,C:\Users\jesus\OneDrive\Escritorio\desition_tree\datos\channel_0\synthetic\call_0e101713ee94__ch0.wav,0.2849085330963135,0.995011568069458
call_0e1e2f29bfdc,0,val,C:\Users\jesus\OneDrive\Escritorio\desition_tree\datos\channel_0\human\call_0e1e2f29bfdc__ch0.wav,0.022785084322094917,0.006441760808229446
call_10aa0d1d33f0,0,val,C:\Users\jesus\OneDrive\Escritorio\desition_tree\datos\channel_0\human\call_10aa0d1d33f0__ch0.wav,0.8016782402992249,0.006677765399217606
call_10ceaf16fbbf,1,train,C:\Users\jesus\OneDrive\Escritorio\desition_tree\datos\channel_0\synthetic\call_10ceaf16fbbf__ch0.wav,0.7492263317108154,0.9950777292251587
call_11d3230256a1,0,train,C:\Users\jesus\OneDrive\Escritorio\desition_tree\datos\channel_0\human\call_11d3230256a1__ch0.wav,0.13358888030052185,0.006728538777679205
call_120d6007bcc1,1,val,C:\Users\jesus\OneDrive\Escritorio\desition_tree\datos\channel_0\synthetic\call_120d6007bcc1__ch0.wav,0.8104462027549744,0.9950681924819946
call_1612f093f8b5,0,train,C:\Users\jesus\OneDrive\Escritorio\desition_tree\datos\channel_0\human\call_1612f093f8b5__ch0.wav,0.6098240613937378,0.007151342928409576
call_16581bcbc272,0,train,C:\Users\jesus\OneDrive\Escritorio\desition_tree\datos\channel_0\human\call_16581bcbc272__ch0.wav,0.015284866094589233,0.006360528524965048
call_1761edbd6952,0,train,C:\Users\jesus\OneDrive\Escritorio\desition_tree\datos\channel_0\human\call_1761edbd6952__ch0.wav,0.8391121029853821,0.00661615701392293
call_181a5049ecae,1,val,C:\Users\jesus\OneDrive\Escritorio\desition_tree\datos\channel_0\synthetic\call_181a5049ecae__ch0.wav,0.6590811014175415,0.9950672388076782
call_185e958a253b,0,val,C:\Users\jesus\OneDrive\Escritorio\desition_tree\datos\channel_0\human\call_185e958a253b__ch0.wav,0.3280378580093384,0.0063391076400876045
call_186e9d6ee732,1,train,C:\Users\jesus\OneDrive\Escritorio\desition_tree\datos\channel_0\synthetic\call_186e9d6ee732__ch0.wav,0.9056118130683899,0.9950792789459229
call_189410107163,1,train,C:\Users\jesus\OneDrive\Escritorio\desition_tree\datos\channel_0\synthetic\call_189410107163__ch0.wav,0.7679243087768555,0.9950641989707947
call_18bd3c505fd5,1,train,C:\Users\jesus\OneDrive\Escritorio\desition_tree\datos\channel_0\synthetic\call_18bd3c505fd5__ch0.wav,0.767238199710846,0.9950627684593201
call_198ef413fe4a,0,val,C:\Users\jesus\OneDrive\Escritorio\desition_tree\datos\channel_0\human\call_198ef413fe4a__ch0.wav,0.4520963728427887,0.006524631753563881
call_1a2f3635b411,1,train,C:\Users\jesus\OneDrive\Escritorio\desition_tree\datos\channel_0\synthetic\call_1a2f3635b411__ch0.wav,0.20851057767868042,0.9950404763221741
call_1ad99899456c,1,train,C:\Users\jesus\OneDrive\Escritorio\desition_tree\datos\channel_0\synthetic\call_1ad99899456c__ch0.wav,0.678939938545227,0.9950647950172424
call_1ba56b3cce45,1,train,C:\Users\jesus\OneDrive\Escritorio\desition_tree\datos\channel_0\synthetic\call_1ba56b3cce45__ch0.wav,0.37292805314064026,0.99505215883255
call_1bf0aa4d4324,0,train,C:\Users\jesus\OneDrive\Escritorio\desition_tree\datos\channel_0\human\call_1bf0aa4d4324__ch0.wav,0.8220162987709045,0.007019163109362125
call_1c1c0cce9fb5,0,val,C:\Users\jesus\OneDrive\Escritorio\desition_tree\datos\channel_0\human\call_1c1c0cce9fb5__ch0.wav,0.6615191102027893,0.0063791051506996155
call_1cc930924760,1,train,C:\Users\jesus\OneDrive\Escritorio\desition_tree\datos\channel_0\synthetic\call_1cc930924760__ch0.wav,0.8855066299438477,0.9950557947158813
call_1ee2936b46a7,1,train,C:\Users\jesus\OneDrive\Escritorio\desition_tree\datos\channel_0\synthetic\call_1ee2936b46a7__ch0.wav,0.48466411232948303,0.9948316812515259
call_224586045e67,0,train,C:\Users\jesus\OneDrive\Escritorio\desition_tree\datos\channel_0\human\call_224586045e67__ch0.wav,0.6375516057014465,0.006612221710383892
call_22d0f235a47e,0,train,C:\Users\jesus\OneDrive\Escritorio\desition_tree\datos\channel_0\human\call_22d0f235a47e__ch0.wav,0.3165132999420166,0.006856127176433802
call_22eacbc23d18,0,train,C:\Users\jesus\OneDrive\Escritorio\desition_tree\datos\channel_0\human\call_22eacbc23d18__ch0.wav,0.8821631669998169,0.006487698294222355
call_23991b635849,0,train,C:\Users\jesus\OneDrive\Escritorio\desition_tree\datos\channel_0\human\call_23991b635849__ch0.wav,0.44216737151145935,0.006540200673043728
call_24e1989c4d6d,1,train,C:\Users\jesus\OneDrive\Escritorio\desition_tree\datos\channel_0\synthetic\call_24e1989c4d6d__ch0.wav,0.8645709156990051,0.9950169920921326
call_253156878935,1,train,C:\Users\jesus\OneDrive\Escritorio\desition_tree\datos\channel_0\synthetic\call_253156878935__ch0.wav,0.620741069316864,0.9950668811798096
call_26be2ced1f65,1,train,C:\Users\jesus\OneDrive\Escritorio\desition_tree\datos\channel_0\synthetic\call_26be2ced1f65__ch0.wav,0.7583808898925781,0.9950644373893738
call_2741c273bfcc,1,train,C:\Users\jesus\OneDrive\Escritorio\desition_tree\datos\channel_0\synthetic\call_2741c273bfcc__ch0.wav,0.8515027165412903,0.9950593709945679
call_290aacdf95ca,1,train,C:\Users\jesus\OneDrive\Escritorio\desition_tree\datos\channel_0\synthetic\call_290aacdf95ca__ch0.wav,0.8305108547210693,0.9950652718544006
call_29a23dea3118,1,train,C:\Users\jesus\OneDrive\Escritorio\desition_tree\datos\channel_0\synthetic\call_29a23dea3118__ch0.wav,0.8477518558502197,0.9950774312019348
call_29e423c5b8aa,0,train,C:\Users\jesus\OneDrive\Escritorio\desition_tree\datos\channel_0\human\call_29e423c5b8aa__ch0.wav,0.018902376294136047,0.006372528616338968
call_29f2b21b3d8a,1,train,C:\Users\jesus\OneDrive\Escritorio\desition_tree\datos\channel_0\synthetic\call_29f2b21b3d8a__ch0.wav,0.8301528096199036,0.9950716495513916
call_29fddbedd6a4,0,train,C:\Users\jesus\OneDrive\Escritorio\desition_tree\datos\channel_0\human\call_29fddbedd6a4__ch0.wav,0.5876073837280273,0.006583226379007101
call_2a34be1bd407,0,train,C:\Users\jesus\OneDrive\Escritorio\desition_tree\datos\channel_0\human\call_2a34be1bd407__ch0.wav,0.4780350625514984,0.006465134210884571
call_2cd6a0b37e59,1,train,C:\Users\jesus\OneDrive\Escritorio\desition_tree\datos\channel_0\synthetic\call_2cd6a0b37e59__ch0.wav,0.8558452129364014,0.9950745701789856
call_2d2c74bdeb7b,0,train,C:\Users\jesus\OneDrive\Escritorio\desition_tree\datos\channel_0\human\call_2d2c74bdeb7b__ch0.wav,0.513093113899231,0.006532902363687754
call_2d4374d86df7,1,val,C:\Users\jesus\OneDrive\Escritorio\desition_tree\datos\channel_0\synthetic\call_2d4374d86df7__ch0.wav,0.751602053642273,0.9950127005577087
call_30c4f6565eec,1,train,C:\Users\jesus\OneDrive\Escritorio\desition_tree\datos\channel_0\synthetic\call_30c4f6565eec__ch0.wav,0.8506343364715576,0.9950779676437378
call_312805f2b67f,1,train,C:\Users\jesus\OneDrive\Escritorio\desition_tree\datos\channel_0\synthetic\call_312805f2b67f__ch0.wav,0.837931215763092,0.9950683116912842
call_3332ecee2806,0,train,C:\Users\jesus\OneDrive\Escritorio\desition_tree\datos\channel_0\human\call_3332ecee2806__ch0.wav,0.014444105327129364,0.006532119121402502
call_349b9fddaff0,0,train,C:\Users\jesus\OneDrive\Escritorio\desition_tree\datos\channel_0\human\call_349b9fddaff0__ch0.wav,0.05478731170296669,0.0066076316870749
call_34f4c668dbe8,0,train,C:\Users\jesus\OneDrive\Escritorio\desition_tree\datos\channel_0\human\call_34f4c668dbe8__ch0.wav,0.18561649322509766,0.006628233473747969
call_35966c559fcc,0,train,C:\Users\jesus\OneDrive\Escritorio\desition_tree\datos\channel_0\human\call_35966c559fcc__ch0.wav,0.29870474338531494,0.006581442430615425
call_36640e327eaf,0,train,C:\Users\jesus\OneDrive\Escritorio\desition_tree\datos\channel_0\human\call_36640e327eaf__ch0.wav,0.7709872722625732,0.006510854698717594
call_36d72e4b1aef,1,val,C:\Users\jesus\OneDrive\Escritorio\desition_tree\datos\channel_0\synthetic\call_36d72e4b1aef__ch0.wav,0.7744020223617554,0.9950769543647766
call_373750027ccd,1,train,C:\Users\jesus\OneDrive\Escritorio\desition_tree\datos\channel_0\synthetic\call_373750027ccd__ch0.wav,0.7149169445037842,0.9950721859931946
call_374f870c8124,1,train,C:\Users\jesus\OneDrive\Escritorio\desition_tree\datos\channel_0\synthetic\call_374f870c8124__ch0.wav,0.6944372653961182,0.9950447082519531
call_37e63dcc8185,1,train,C:\Users\jesus\OneDrive\Escritorio\desition_tree\datos\channel_0\synthetic\call_37e63dcc8185__ch0.wav,0.8496266603469849,0.9950586557388306
call_387c5493a07f,1,train,C:\Users\jesus\OneDrive\Escritorio\desition_tree\datos\channel_0\synthetic\call_387c5493a07f__ch0.wav,0.6358742117881775,0.9950730204582214
call_39880aff21ed,1,train,C:\Users\jesus\OneDrive\Escritorio\desition_tree\datos\channel_0\synthetic\call_39880aff21ed__ch0.wav,0.889275074005127,0.9950801134109497
call_3adbf4ac0f30,0,train,C:\Users\jesus\OneDrive\Escritorio\desition_tree\datos\channel_0\human\call_3adbf4ac0f30__ch0.wav,0.800081193447113,0.006438010837882757
call_3b1bf9fab29d,0,train,C:\Users\jesus\OneDrive\Escritorio\desition_tree\datos\channel_0\human\call_3b1bf9fab29d__ch0.wav,0.04109850525856018,0.006428848952054977
call_3b9afdd4a2df,0,val,C:\Users\jesus\OneDrive\Escritorio\desition_tree\datos\channel_0\human\call_3b9afdd4a2df__ch0.wav,0.033315595239400864,0.006355248391628265
call_3ca96b2dd5c4,0,train,C:\Users\jesus\OneDrive\Escritorio\desition_tree\datos\channel_0\human\call_3ca96b2dd5c4__ch0.wav,0.5144901275634766,0.006484904792159796
call_3cd08cbaf55c,1,train,C:\Users\jesus\OneDrive\Escritorio\desition_tree\datos\channel_0\synthetic\call_3cd08cbaf55c__ch0.wav,0.7064187526702881,0.9950607419013977
call_3d69be34ef44,0,train,C:\Users\jesus\OneDrive\Escritorio\desition_tree\datos\channel_0\human\call_3d69be34ef44__ch0.wav,0.6840546131134033,0.006498140282928944
call_3f3ac4984431,0,train,C:\Users\jesus\OneDrive\Escritorio\desition_tree\datos\channel_0\human\call_3f3ac4984431__ch0.wav,0.789168119430542,0.006409892346709967
call_415d987a1504,1,train,C:\Users\jesus\OneDrive\Escritorio\desition_tree\datos\channel_0\synthetic\call_415d987a1504__ch0.wav,0.48437097668647766,0.9950551986694336
call_41fc5fd779c9,1,train,C:\Users\jesus\OneDrive\Escritorio\desition_tree\datos\channel_0\synthetic\call_41fc5fd779c9__ch0.wav,0.8372129201889038,0.9950760006904602
call_450b4e13468b,1,train,C:\Users\jesus\OneDrive\Escritorio\desition_tree\datos\channel_0\synthetic\call_450b4e13468b__ch0.wav,0.45236849784851074,0.9950467348098755
call_4789ebd9b148,1,train,C:\Users\jesus\OneDrive\Escritorio\desition_tree\datos\channel_0\synthetic\call_4789ebd9b148__ch0.wav,0.5574310421943665,0.9950634837150574
call_47bef2f628eb,0,val,C:\Users\jesus\OneDrive\Escritorio\desition_tree\datos\channel_0\human\call_47bef2f628eb__ch0.wav,0.773241400718689,0.006682544015347958
call_486215b37ca1,0,train,C:\Users\jesus\OneDrive\Escritorio\desition_tree\datos\channel_0\human\call_486215b37ca1__ch0.wav,0.39959871768951416,0.00680047832429409
call_488e7b893457,0,train,C:\Users\jesus\OneDrive\Escritorio\desition_tree\datos\channel_0\human\call_488e7b893457__ch0.wav,0.671412467956543,0.00653440598398447
call_4ac92327c83b,0,train,C:\Users\jesus\OneDrive\Escritorio\desition_tree\datos\channel_0\human\call_4ac92327c83b__ch0.wav,0.7181946635246277,0.006426747888326645
call_4affad158a4c,1,val,C:\Users\jesus\OneDrive\Escritorio\desition_tree\datos\channel_0\synthetic\call_4affad158a4c__ch0.wav,0.8612218499183655,0.9950783252716064
call_4b1bec58d02d,1,train,C:\Users\jesus\OneDrive\Escritorio\desition_tree\datos\channel_0\synthetic\call_4b1bec58d02d__ch0.wav,0.8689432740211487,0.9950454235076904
call_4baef170cf46,0,train,C:\Users\jesus\OneDrive\Escritorio\desition_tree\datos\channel_0\human\call_4baef170cf46__ch0.wav,0.3298250436782837,0.006335919257253408
call_4c278007298d,0,train,C:\Users\jesus\OneDrive\Escritorio\desition_tree\datos\channel_0\human\call_4c278007298d__ch0.wav,0.0714292898774147,0.006572989746928215
call_4c8c40f7c2fd,0,train,C:\Users\jesus\OneDrive\Escritorio\desition_tree\datos\channel_0\human\call_4c8c40f7c2fd__ch0.wav,0.7698310017585754,0.006703885272145271
call_4cd5b14fbe3c,1,train,C:\Users\jesus\OneDrive\Escritorio\desition_tree\datos\channel_0\synthetic\call_4cd5b14fbe3c__ch0.wav,0.8583597540855408,0.9950791597366333
call_4d8129939686,1,train,C:\Users\jesus\OneDrive\Escritorio\desition_tree\datos\channel_0\synthetic\call_4d8129939686__ch0.wav,0.7650277018547058,0.995070219039917
call_4e60206f7e8a,0,train,C:\Users\jesus\OneDrive\Escritorio\desition_tree\datos\channel_0\human\call_4e60206f7e8a__ch0.wav,0.46626192331314087,0.006474639289081097
call_4e9cec0da4ea,1,train,C:\Users\jesus\OneDrive\Escritorio\desition_tree\datos\channel_0\synthetic\call_4e9cec0da4ea__ch0.wav,0.8903412222862244,0.9950746893882751
call_4f0dad5104b3,0,train,C:\Users\jesus\OneDrive\Escritorio\desition_tree\datos\channel_0\human\call_4f0dad5104b3__ch0.wav,0.04643828049302101,0.0065438514575362206
call_51851f91f064,0,train,C:\Users\jesus\OneDrive\Escritorio\desition_tree\datos\channel_0\human\call_51851f91f064__ch0.wav,0.056986890733242035,0.006528171710669994
call_5273f6be303c,0,train,C:\Users\jesus\OneDrive\Escritorio\desition_tree\datos\channel_0\human\call_5273f6be303c__ch0.wav,0.3677665889263153,0.006516930181533098
call_52ba7c3bd761,1,train,C:\Users\jesus\OneDrive\Escritorio\desition_tree\datos\channel_0\synthetic\call_52ba7c3bd761__ch0.wav,0.8398070335388184,0.9950805902481079
call_52bfee0220ab,1,train,C:\Users\jesus\OneDrive\Escritorio\desition_tree\datos\channel_0\synthetic\call_52bfee0220ab__ch0.wav,0.8092241883277893,0.9950699806213379
call_54a09817b7e2,1,train,C:\Users\jesus\OneDrive\Escritorio\desition_tree\datos\channel_0\synthetic\call_54a09817b7e2__ch0.wav,0.87760329246521,0.9950776696205139
call_565b6523733e,0,train,C:\Users\jesus\OneDrive\Escritorio\desition_tree\datos\channel_0\human\call_565b6523733e__ch0.wav,0.300796777009964,0.0065361554734408855
call_568b5e814bc3,0,train,C:\Users\jesus\OneDrive\Escritorio\desition_tree\datos\channel_0\human\call_568b5e814bc3__ch0.wav,0.19114236533641815,0.006404021289199591
call_569ffb0869eb,0,val,C:\Users\jesus\OneDrive\Escritorio\desition_tree\datos\channel_0\human\call_569ffb0869eb__ch0.wav,0.19710761308670044,0.006278206128627062
call_56f58de34ea0,1,train,C:\Users\jesus\OneDrive\Escritorio\desition_tree\datos\channel_0\synthetic\call_56f58de34ea0__ch0.wav,0.8844354748725891,0.9950793981552124
call_578504f9f39e,1,train,C:\Users\jesus\OneDrive\Escritorio\desition_tree\datos\channel_0\synthetic\call_578504f9f39e__ch0.wav,0.833558201789856,0.9950776696205139
call_57f113803718,0,train,C:\Users\jesus\OneDrive\Escritorio\desition_tree\datos\channel_0\human\call_57f113803718__ch0.wav,0.7517755627632141,0.006462142337113619
call_5823cd70919d,1,train,C:\Users\jesus\OneDrive\Escritorio\desition_tree\datos\channel_0\synthetic\call_5823cd70919d__ch0.wav,0.1833164393901825,0.994986891746521
call_58a0f7394bc3,1,train,C:\Users\jesus\OneDrive\Escritorio\desition_tree\datos\channel_0\synthetic\call_58a0f7394bc3__ch0.wav,0.7139735221862793,0.9950372576713562
call_58ed2170e352,0,val,C:\Users\jesus\OneDrive\Escritorio\desition_tree\datos\channel_0\human\call_58ed2170e352__ch0.wav,0.13429468870162964,0.006523067597299814
call_5a6307557d57,0,train,C:\Users\jesus\OneDrive\Escritorio\desition_tree\datos\channel_0\human\call_5a6307557d57__ch0.wav,0.25124868750572205,0.006594255566596985
call_5a7a7e3c9588,1,train,C:\Users\jesus\OneDrive\Escritorio\desition_tree\datos\channel_0\synthetic\call_5a7a7e3c9588__ch0.wav,0.8482287526130676,0.9950796365737915
call_5c9d19646f57,0,train,C:\Users\jesus\OneDrive\Escritorio\desition_tree\datos\channel_0\human\call_5c9d19646f57__ch0.wav,0.0638529434800148,0.006582402624189854
call_5d86f0ca06aa,1,train,C:\Users\jesus\OneDrive\Escritorio\desition_tree\datos\channel_0\synthetic\call_5d86f0ca06aa__ch0.wav,0.8761963844299316,0.9950801134109497
call_5e4539a471f6,1,val,C:\Users\jesus\OneDrive\Escritorio\desition_tree\datos\channel_0\synthetic\call_5e4539a471f6__ch0.wav,0.8552536368370056,0.9950311183929443
call_5f7a4b3e8ca9,0,train,C:\Users\jesus\OneDrive\Escritorio\desition_tree\datos\channel_0\human\call_5f7a4b3e8ca9__ch0.wav,0.45909932255744934,0.006512701977044344
call_6058d9c5c82f,1,val,C:\Users\jesus\OneDrive\Escritorio\desition_tree\datos\channel_0\synthetic\call_6058d9c5c82f__ch0.wav,0.5845288634300232,0.9950657486915588
call_60ffdefc5f5a,0,train,C:\Users\jesus\OneDrive\Escritorio\desition_tree\datos\channel_0\human\call_60ffdefc5f5a__ch0.wav,0.340719610452652,0.0065354458056390285
call_624a4731ab56,0,train,C:\Users\jesus\OneDrive\Escritorio\desition_tree\datos\channel_0\human\call_624a4731ab56__ch0.wav,0.8899457454681396,0.006658464670181274
call_63a156c6b8d9,0,train,C:\Users\jesus\OneDrive\Escritorio\desition_tree\datos\channel_0\human\call_63a156c6b8d9__ch0.wav,0.15595535933971405,0.006602050736546516
call_64637c20ee66,0,val,C:\Users\jesus\OneDrive\Escritorio\desition_tree\datos\channel_0\human\call_64637c20ee66__ch0.wav,0.32231616973876953,0.006757027469575405
call_65a7cdefc22d,0,train,C:\Users\jesus\OneDrive\Escritorio\desition_tree\datos\channel_0\human\call_65a7cdefc22d__ch0.wav,0.02832767367362976,0.006250810343772173
call_6756c4a91509,1,train,C:\Users\jesus\OneDrive\Escritorio\desition_tree\datos\channel_0\synthetic\call_6756c4a91509__ch0.wav,0.8541347980499268,0.9950791597366333
call_678ee1dd2242,0,val,C:\Users\jesus\OneDrive\Escritorio\desition_tree\datos\channel_0\human\call_678ee1dd2242__ch0.wav,0.7032884955406189,0.006404898129403591
call_68544c09a58b,1,train,C:\Users\jesus\OneDrive\Escritorio\desition_tree\datos\channel_0\synthetic\call_68544c09a58b__ch0.wav,0.5802164673805237,0.9950566291809082
call_6971b2685c1d,0,val,C:\Users\jesus\OneDrive\Escritorio\desition_tree\datos\channel_0\human\call_6971b2685c1d__ch0.wav,0.6691792607307434,0.006329812109470367
call_6afd8cabf618,1,train,C:\Users\jesus\OneDrive\Escritorio\desition_tree\datos\channel_0\synthetic\call_6afd8cabf618__ch0.wav,0.766136109828949,0.9950665235519409
call_6b0cc9c966a1,0,train,C:\Users\jesus\OneDrive\Escritorio\desition_tree\datos\channel_0\human\call_6b0cc9c966a1__ch0.wav,0.05797529220581055,0.006283491384238005
call_6b31fbd81fc3,1,train,C:\Users\jesus\OneDrive\Escritorio\desition_tree\datos\channel_0\synthetic\call_6b31fbd81fc3__ch0.wav,0.713769793510437,0.9950123429298401
call_6b6499e4474f,1,train,C:\Users\jesus\OneDrive\Escritorio\desition_tree\datos\channel_0\synthetic\call_6b6499e4474f__ch0.wav,0.8614881038665771,0.9950443506240845
call_6c8d4490f8d7,1,val,C:\Users\jesus\OneDrive\Escritorio\desition_tree\datos\channel_0\synthetic\call_6c8d4490f8d7__ch0.wav,0.4711051285266876,0.9950717091560364
call_6d88a2e95795,0,train,C:\Users\jesus\OneDrive\Escritorio\desition_tree\datos\channel_0\human\call_6d88a2e95795__ch0.wav,0.0097035001963377,0.006414239294826984
call_6dfa70c50ea5,1,train,C:\Users\jesus\OneDrive\Escritorio\desition_tree\datos\channel_0\synthetic\call_6dfa70c50ea5__ch0.wav,0.8007259964942932,0.9950432777404785
call_6e83cb807322,0,train,C:\Users\jesus\OneDrive\Escritorio\desition_tree\datos\channel_0\human\call_6e83cb807322__ch0.wav,0.36804476380348206,0.006554989144206047
call_70101b573bb2,1,train,C:\Users\jesus\OneDrive\Escritorio\desition_tree\datos\channel_0\synthetic\call_70101b573bb2__ch0.wav,0.8422353863716125,0.995062530040741
call_70de89818ee5,1,train,C:\Users\jesus\OneDrive\Escritorio\desition_tree\datos\channel_0\synthetic\call_70de89818ee5__ch0.wav,0.8491398096084595,0.9950801134109497
call_716d56beca2a,0,train,C:\Users\jesus\OneDrive\Escritorio\desition_tree\datos\channel_0\human\call_716d56beca2a__ch0.wav,0.09376175701618195,0.006563328672200441
call_71fec5a6b017,1,train,C:\Users\jesus\OneDrive\Escritorio\desition_tree\datos\channel_0\synthetic\call_71fec5a6b017__ch0.wav,0.7599782347679138,0.9950620532035828
call_743448b8a861,1,val,C:\Users\jesus\OneDrive\Escritorio\desition_tree\datos\channel_0\synthetic\call_743448b8a861__ch0.wav,0.8284729719161987,0.9950646758079529
call_74b20933dd43,0,val,C:\Users\jesus\OneDrive\Escritorio\desition_tree\datos\channel_0\human\call_74b20933dd43__ch0.wav,0.04635994881391525,0.006328672636300325
call_750153d8eb40,0,train,C:\Users\jesus\OneDrive\Escritorio\desition_tree\datos\channel_0\human\call_750153d8eb40__ch0.wav,0.7121918201446533,0.0066374521702528
call_7519d635bbbb,1,train,C:\Users\jesus\OneDrive\Escritorio\desition_tree\datos\channel_0\synthetic\call_7519d635bbbb__ch0.wav,0.8348422050476074,0.9950673580169678
call_7601ac7d4fbf,1,train,C:\Users\jesus\OneDrive\Escritorio\desition_tree\datos\channel_0\synthetic\call_7601ac7d4fbf__ch0.wav,0.7736179828643799,0.9950345754623413
call_76856257e3ef,1,train,C:\Users\jesus\OneDrive\Escritorio\desition_tree\datos\channel_0\synthetic\call_76856257e3ef__ch0.wav,0.82026207447052,0.9950737357139587
call_7744ab92baa3,0,train,C:\Users\jesus\OneDrive\Escritorio\desition_tree\datos\channel_0\human\call_7744ab92baa3__ch0.wav,0.29612109065055847,0.00656757690012455
call_794031bf2233,1,train,C:\Users\jesus\OneDrive\Escritorio\desition_tree\datos\channel_0\synthetic\call_794031bf2233__ch0.wav,0.8610270023345947,0.9949048757553101
call_7a250598cb8b,1,train,C:\Users\jesus\OneDrive\Escritorio\desition_tree\datos\channel_0\synthetic\call_7a250598cb8b__ch0.wav,0.8767244219779968,0.9950777292251587
call_7a345e2b0f37,1,train,C:\Users\jesus\OneDrive\Escritorio\desition_tree\datos\channel_0\synthetic\call_7a345e2b0f37__ch0.wav,0.6291772127151489,0.9950760006904602
call_7ae75e4aa32f,1,train,C:\Users\jesus\OneDrive\Escritorio\desition_tree\datos\channel_0\synthetic\call_7ae75e4aa32f__ch0.wav,0.6422960162162781,0.9950675964355469
call_7b14e69a57bd,1,train,C:\Users\jesus\OneDrive\Escritorio\desition_tree\datos\channel_0\synthetic\call_7b14e69a57bd__ch0.wav,0.7697401642799377,0.9947664737701416
call_7b1e73c133f8,1,val,C:\Users\jesus\OneDrive\Escritorio\desition_tree\datos\channel_0\synthetic\call_7b1e73c133f8__ch0.wav,0.8774040341377258,0.9950742125511169
call_7d4f3b80384e,1,train,C:\Users\jesus\OneDrive\Escritorio\desition_tree\datos\channel_0\synthetic\call_7d4f3b80384e__ch0.wav,0.8787081837654114,0.995070219039917
call_7d5b26105bb5,1,train,C:\Users\jesus\OneDrive\Escritorio\desition_tree\datos\channel_0\synthetic\call_7d5b26105bb5__ch0.wav,0.7283047437667847,0.9950419664382935
call_7f82debeb19b,0,train,C:\Users\jesus\OneDrive\Escritorio\desition_tree\datos\channel_0\human\call_7f82debeb19b__ch0.wav,0.04254060238599777,0.006396583281457424
call_802282383eb2,1,train,C:\Users\jesus\OneDrive\Escritorio\desition_tree\datos\channel_0\synthetic\call_802282383eb2__ch0.wav,0.8742213845252991,0.9950640797615051
call_810c24005ecc,1,val,C:\Users\jesus\OneDrive\Escritorio\desition_tree\datos\channel_0\synthetic\call_810c24005ecc__ch0.wav,0.7782047390937805,0.9950739741325378
call_810e3066a7b4,1,val,C:\Users\jesus\OneDrive\Escritorio\desition_tree\datos\channel_0\synthetic\call_810e3066a7b4__ch0.wav,0.7236361503601074,0.9950657486915588
call_81b12145be34,1,train,C:\Users\jesus\OneDrive\Escritorio\desition_tree\datos\channel_0\synthetic\call_81b12145be34__ch0.wav,0.6978762149810791,0.9950627684593201
call_81b98c77cf99,0,train,C:\Users\jesus\OneDrive\Escritorio\desition_tree\datos\channel_0\human\call_81b98c77cf99__ch0.wav,0.5433003902435303,0.006535876542329788
call_850d796d23a7,1,train,C:\Users\jesus\OneDrive\Escritorio\desition_tree\datos\channel_0\synthetic\call_850d796d23a7__ch0.wav,0.4525182843208313,0.9950419664382935
call_8570ae0e7d61,1,train,C:\Users\jesus\OneDrive\Escritorio\desition_tree\datos\channel_0\synthetic\call_8570ae0e7d61__ch0.wav,0.6835108399391174,0.9950711727142334
call_8834a90f11cd,0,train,C:\Users\jesus\OneDrive\Escritorio\desition_tree\datos\channel_0\human\call_8834a90f11cd__ch0.wav,0.47375380992889404,0.006711739115417004
call_8893de2fe204,1,train,C:\Users\jesus\OneDrive\Escritorio\desition_tree\datos\channel_0\synthetic\call_8893de2fe204__ch0.wav,0.8555672764778137,0.9950600266456604
call_88cd54e1e505,1,train,C:\Users\jesus\OneDrive\Escritorio\desition_tree\datos\channel_0\synthetic\call_88cd54e1e505__ch0.wav,0.7908931374549866,0.9950681924819946
call_88d7858b7921,1,train,C:\Users\jesus\OneDrive\Escritorio\desition_tree\datos\channel_0\synthetic\call_88d7858b7921__ch0.wav,0.6651718616485596,0.9950769543647766
call_893d552b156a,0,train,C:\Users\jesus\OneDrive\Escritorio\desition_tree\datos\channel_0\human\call_893d552b156a__ch0.wav,0.15822289884090424,0.0065289572812616825
call_8a3996f823e4,0,train,C:\Users\jesus\OneDrive\Escritorio\desition_tree\datos\channel_0\human\call_8a3996f823e4__ch0.wav,0.03450915217399597,0.006449504289776087
call_8a570a10920b,1,train,C:\Users\jesus\OneDrive\Escritorio\desition_tree\datos\channel_0\synthetic\call_8a570a10920b__ch0.wav,0.801716148853302,0.9950662851333618
call_8a61615c9927,0,train,C:\Users\jesus\OneDrive\Escritorio\desition_tree\datos\channel_0\human\call_8a61615c9927__ch0.wav,0.107404425740242,0.006417753174901009
call_8a9391c1823b,0,train,C:\Users\jesus\OneDrive\Escritorio\desition_tree\datos\channel_0\human\call_8a9391c1823b__ch0.wav,0.3774040639400482,0.006262719631195068
call_8ade6f74aa33,1,train,C:\Users\jesus\OneDrive\Escritorio\desition_tree\datos\channel_0\synthetic\call_8ade6f74aa33__ch0.wav,0.4413139522075653,0.9948722720146179
call_8ae3fce602f3,1,train,C:\Users\jesus\OneDrive\Escritorio\desition_tree\datos\channel_0\synthetic\call_8ae3fce602f3__ch0.wav,0.7465901970863342,0.9950664043426514
call_8c2ebe3761bb,1,train,C:\Users\jesus\OneDrive\Escritorio\desition_tree\datos\channel_0\synthetic\call_8c2ebe3761bb__ch0.wav,0.6073366403579712,0.9950693845748901
call_8c6b33721067,1,train,C:\Users\jesus\OneDrive\Escritorio\desition_tree\datos\channel_0\synthetic\call_8c6b33721067__ch0.wav,0.1996166706085205,0.9950527548789978
call_8cafd2754e55,1,val,C:\Users\jesus\OneDrive\Escritorio\desition_tree\datos\channel_0\synthetic\call_8cafd2754e55__ch0.wav,0.8755416870117188,0.9950783252716064
call_8d3ea77f4bb4,1,train,C:\Users\jesus\OneDrive\Escritorio\desition_tree\datos\channel_0\synthetic\call_8d3ea77f4bb4__ch0.wav,0.7502805590629578,0.9950660467147827
call_8d6cd93e02b8,0,train,C:\Users\jesus\OneDrive\Escritorio\desition_tree\datos\channel_0\human\call_8d6cd93e02b8__ch0.wav,0.5025277137756348,0.0065459441393613815
call_8d75a71e6126,1,val,C:\Users\jesus\OneDrive\Escritorio\desition_tree\datos\channel_0\synthetic\call_8d75a71e6126__ch0.wav,0.8994261622428894,0.9950740933418274
call_8da8b9947630,0,val,C:\Users\jesus\OneDrive\Escritorio\desition_tree\datos\channel_0\human\call_8da8b9947630__ch0.wav,0.10833272337913513,0.006407265085726976
call_8e6c9fa78a21,1,train,C:\Users\jesus\OneDrive\Escritorio\desition_tree\datos\channel_0\synthetic\call_8e6c9fa78a21__ch0.wav,0.8406535983085632,0.9950697422027588
call_8ed994ce484f,1,train,C:\Users\jesus\OneDrive\Escritorio\desition_tree\datos\channel_0\synthetic\call_8ed994ce484f__ch0.wav,0.7509360909461975,0.9950721859931946
call_8ee1e10130a2,1,train,C:\Users\jesus\OneDrive\Escritorio\desition_tree\datos\channel_0\synthetic\call_8ee1e10130a2__ch0.wav,0.7766854166984558,0.9950668811798096
call_8f8e2145bc91,1,train,C:\Users\jesus\OneDrive\Escritorio\desition_tree\datos\channel_0\synthetic\call_8f8e2145bc91__ch0.wav,0.4698624610900879,0.9950490593910217
call_9083846f078a,1,train,C:\Users\jesus\OneDrive\Escritorio\desition_tree\datos\channel_0\synthetic\call_9083846f078a__ch0.wav,0.6711419820785522,0.9950757622718811
call_91a25cd95998,1,train,C:\Users\jesus\OneDrive\Escritorio\desition_tree\datos\channel_0\synthetic\call_91a25cd95998__ch0.wav,0.6800611019134521,0.9950613379478455
call_924e8a27e4de,0,train,C:\Users\jesus\OneDrive\Escritorio\desition_tree\datos\channel_0\human\call_924e8a27e4de__ch0.wav,0.007717479020357132,0.006423254031687975
call_925ba94f05a4,1,val,C:\Users\jesus\OneDrive\Escritorio\desition_tree\datos\channel_0\synthetic\call_925ba94f05a4__ch0.wav,0.6700689792633057,0.9950534701347351
call_927c1f5f2007,1,train,C:\Users\jesus\OneDrive\Escritorio\desition_tree\datos\channel_0\synthetic\call_927c1f5f2007__ch0.wav,0.7850950360298157,0.9950658082962036
call_9491f635b944,1,train,C:\Users\jesus\OneDrive\Escritorio\desition_tree\datos\channel_0\synthetic\call_9491f635b944__ch0.wav,0.8537576794624329,0.9950693845748901
call_94a8c8502249,0,train,C:\Users\jesus\OneDrive\Escritorio\desition_tree\datos\channel_0\human\call_94a8c8502249__ch0.wav,0.2666260302066803,0.006440951954573393
call_957a8384caff,1,val,C:\Users\jesus\OneDrive\Escritorio\desition_tree\datos\channel_0\synthetic\call_957a8384caff__ch0.wav,0.5131829977035522,0.9950703382492065
call_95ccefc6e4ce,0,val,C:\Users\jesus\OneDrive\Escritorio\desition_tree\datos\channel_0\human\call_95ccefc6e4ce__ch0.wav,0.6598061919212341,0.006554846186190844
call_9741efdd34af,0,train,C:\Users\jesus\OneDrive\Escritorio\desition_tree\datos\channel_0\human\call_9741efdd34af__ch0.wav,0.69047611951828,0.006578365806490183
call_97701e543c60,1,train,C:\Users\jesus\OneDrive\Escritorio\desition_tree\datos\channel_0\synthetic\call_97701e543c60__ch0.wav,0.7794715166091919,0.9949586987495422
call_989dad5aa1af,0,train,C:\Users\jesus\OneDrive\Escritorio\desition_tree\datos\channel_0\human\call_989dad5aa1af__ch0.wav,0.4655567407608032,0.006340350955724716
call_9a3d5b0a64a3,0,val,C:\Users\jesus\OneDrive\Escritorio\desition_tree\datos\channel_0\human\call_9a3d5b0a64a3__ch0.wav,0.7507664561271667,0.006494222674518824
call_9bb847dfc83e,0,val,C:\Users\jesus\OneDrive\Escritorio\desition_tree\datos\channel_0\human\call_9bb847dfc83e__ch0.wav,0.5314087867736816,0.006472605746239424
call_9c2dbbd1fe2e,1,train,C:\Users\jesus\OneDrive\Escritorio\desition_tree\datos\channel_0\synthetic\call_9c2dbbd1fe2e__ch0.wav,0.8896768093109131,0.9950673580169678
call_9dc1a304389f,1,train,C:\Users\jesus\OneDrive\Escritorio\desition_tree\datos\channel_0\synthetic\call_9dc1a304389f__ch0.wav,0.8812792301177979,0.9950727820396423
call_9f11e2c5441c,0,val,C:\Users\jesus\OneDrive\Escritorio\desition_tree\datos\channel_0\human\call_9f11e2c5441c__ch0.wav,0.3860021233558655,0.006741690449416637
call_a0fbbe7bfec4,0,train,C:\Users\jesus\OneDrive\Escritorio\desition_tree\datos\channel_0\human\call_a0fbbe7bfec4__ch0.wav,0.24940085411071777,0.006760981399565935
call_a2aa58c1750b,0,train,C:\Users\jesus\OneDrive\Escritorio\desition_tree\datos\channel_0\human\call_a2aa58c1750b__ch0.wav,0.21896634995937347,0.006398956757038832
call_a381913d938c,1,train,C:\Users\jesus\OneDrive\Escritorio\desition_tree\datos\channel_0\synthetic\call_a381913d938c__ch0.wav,0.8311321139335632,0.9950476884841919
call_a3a1f51a4bf9,1,val,C:\Users\jesus\OneDrive\Escritorio\desition_tree\datos\channel_0\synthetic\call_a3a1f51a4bf9__ch0.wav,0.806675136089325,0.9950760006904602
call_a426226cf8b9,1,train,C:\Users\jesus\OneDrive\Escritorio\desition_tree\datos\channel_0\synthetic\call_a426226cf8b9__ch0.wav,0.8957217335700989,0.9950834512710571
call_a4683528fef4,0,train,C:\Users\jesus\OneDrive\Escritorio\desition_tree\datos\channel_0\human\call_a4683528fef4__ch0.wav,0.04594101384282112,0.006381472572684288
call_a49598543013,1,train,C:\Users\jesus\OneDrive\Escritorio\desition_tree\datos\channel_0\synthetic\call_a49598543013__ch0.wav,0.5952914357185364,0.9950557947158813
call_a6481017c744,1,train,C:\Users\jesus\OneDrive\Escritorio\desition_tree\datos\channel_0\synthetic\call_a6481017c744__ch0.wav,0.7532193660736084,0.9950668811798096
call_a71916766a4f,1,train,C:\Users\jesus\OneDrive\Escritorio\desition_tree\datos\channel_0\synthetic\call_a71916766a4f__ch0.wav,0.7546241879463196,0.9950630068778992
call_a766613f8c8a,0,train,C:\Users\jesus\OneDrive\Escritorio\desition_tree\datos\channel_0\human\call_a766613f8c8a__ch0.wav,0.35874515771865845,0.00635907705873251
call_a7c95e99f3b6,0,val,C:\Users\jesus\OneDrive\Escritorio\desition_tree\datos\channel_0\human\call_a7c95e99f3b6__ch0.wav,0.857053279876709,0.006515887100249529
call_a7df1d46e72b,1,train,C:\Users\jesus\OneDrive\Escritorio\desition_tree\datos\channel_0\synthetic\call_a7df1d46e72b__ch0.wav,0.3010636568069458,0.9950306415557861
call_a7ea289a43fd,1,train,C:\Users\jesus\OneDrive\Escritorio\desition_tree\datos\channel_0\synthetic\call_a7ea289a43fd__ch0.wav,0.8201400637626648,0.9950813055038452
call_a8ca5b456ce4,1,train,C:\Users\jesus\OneDrive\Escritorio\desition_tree\datos\channel_0\synthetic\call_a8ca5b456ce4__ch0.wav,0.813996434211731,0.9950730204582214
call_a9d29125d786,1,train,C:\Users\jesus\OneDrive\Escritorio\desition_tree\datos\channel_0\synthetic\call_a9d29125d786__ch0.wav,0.7503718733787537,0.995076596736908
call_abf730747901,0,val,C:\Users\jesus\OneDrive\Escritorio\desition_tree\datos\channel_0\human\call_abf730747901__ch0.wav,0.02545309253036976,0.006580344866961241
call_ac80248cae29,1,train,C:\Users\jesus\OneDrive\Escritorio\desition_tree\datos\channel_0\synthetic\call_ac80248cae29__ch0.wav,0.8430399894714355,0.9950597286224365
call_acda78859d0d,0,train,C:\Users\jesus\OneDrive\Escritorio\desition_tree\datos\channel_0\human\call_acda78859d0d__ch0.wav,0.7419330477714539,0.006441464647650719
call_ad8e23b11d98,1,train,C:\Users\jesus\OneDrive\Escritorio\desition_tree\datos\channel_0\synthetic\call_ad8e23b11d98__ch0.wav,0.9066373705863953,0.9950805902481079
call_adf30039caa2,1,train,C:\Users\jesus\OneDrive\Escritorio\desition_tree\datos\channel_0\synthetic\call_adf30039caa2__ch0.wav,0.8852038979530334,0.9950730204582214
call_aed9b45d6c31,1,train,C:\Users\jesus\OneDrive\Escritorio\desition_tree\datos\channel_0\synthetic\call_aed9b45d6c31__ch0.wav,0.8467111587524414,0.9950719475746155
call_af9ad367dcce,1,val,C:\Users\jesus\OneDrive\Escritorio\desition_tree\datos\channel_0\synthetic\call_af9ad367dcce__ch0.wav,0.8390219807624817,0.9950721859931946
call_b0836ff3142a,1,train,C:\Users\jesus\OneDrive\Escritorio\desition_tree\datos\channel_0\synthetic\call_b0836ff3142a__ch0.wav,0.6648236513137817,0.995058536529541
call_b167dd907a80,1,train,C:\Users\jesus\OneDrive\Escritorio\desition_tree\datos\channel_0\synthetic\call_b167dd907a80__ch0.wav,0.5085592269897461,0.9950481057167053
call_b2594d9c3ffd,1,train,C:\Users\jesus\OneDrive\Escritorio\desition_tree\datos\channel_0\synthetic\call_b2594d9c3ffd__ch0.wav,0.8856674432754517,0.9950719475746155
call_b382ffa5187d,0,train,C:\Users\jesus\OneDrive\Escritorio\desition_tree\datos\channel_0\human\call_b382ffa5187d__ch0.wav,0.42037326097488403,0.006682397797703743
call_b3f14bd5c2b6,1,train,C:\Users\jesus\OneDrive\Escritorio\desition_tree\datos\channel_0\synthetic\call_b3f14bd5c2b6__ch0.wav,0.8798461556434631,0.9950760006904602
call_b41c86402714,0,train,C:\Users\jesus\OneDrive\Escritorio\desition_tree\datos\channel_0\human\call_b41c86402714__ch0.wav,0.5318407416343689,0.006899647880345583
call_b5840ec7dd5e,1,train,C:\Users\jesus\OneDrive\Escritorio\desition_tree\datos\channel_0\synthetic\call_b5840ec7dd5e__ch0.wav,0.8651008009910583,0.9950768351554871
call_b5c4803ea37c,0,train,C:\Users\jesus\OneDrive\Escritorio\desition_tree\datos\channel_0\human\call_b5c4803ea37c__ch0.wav,0.8168192505836487,0.0070563978515565395
call_b5cc1f8d8fee,0,val,C:\Users\jesus\OneDrive\Escritorio\desition_tree\datos\channel_0\human\call_b5cc1f8d8fee__ch0.wav,0.03933629021048546,0.006464481819421053
call_b658b1155216,0,val,C:\Users\jesus\OneDrive\Escritorio\desition_tree\datos\channel_0\human\call_b658b1155216__ch0.wav,0.09938076138496399,0.006299315486103296
call_b712f501aeb8,1,val,C:\Users\jesus\OneDrive\Escritorio\desition_tree\datos\channel_0\synthetic\call_b712f501aeb8__ch0.wav,0.8820785880088806,0.9950582981109619
call_b72eccd91b8c,1,train,C:\Users\jesus\OneDrive\Escritorio\desition_tree\datos\channel_0\synthetic\call_b72eccd91b8c__ch0.wav,0.8070809245109558,0.9950705766677856
call_b78e6c8e05d3,0,train,C:\Users\jesus\OneDrive\Escritorio\desition_tree\datos\channel_0\human\call_b78e6c8e05d3__ch0.wav,0.3159257471561432,0.006491381209343672
call_b7c3a7552903,1,train,C:\Users\jesus\OneDrive\Escritorio\desition_tree\datos\channel_0\synthetic\call_b7c3a7552903__ch0.wav,0.8423163890838623,0.995079755783081
call_b956718b62ae,1,train,C:\Users\jesus\OneDrive\Escritorio\desition_tree\datos\channel_0\synthetic\call_b956718b62ae__ch0.wav,0.8772318959236145,0.9950689077377319
call_b96e9305d9a2,0,train,C:\Users\jesus\OneDrive\Escritorio\desition_tree\datos\channel_0\human\call_b96e9305d9a2__ch0.wav,0.01808408834040165,0.006516393274068832
call_bac44092a11a,0,train,C:\Users\jesus\OneDrive\Escritorio\desition_tree\datos\channel_0\human\call_bac44092a11a__ch0.wav,0.583975613117218,0.006550975143909454
call_bba20372ca37,1,train,C:\Users\jesus\OneDrive\Escritorio\desition_tree\datos\channel_0\synthetic\call_bba20372ca37__ch0.wav,0.8354920744895935,0.9950643181800842
call_bc24a38d8bf2,1,train,C:\Users\jesus\OneDrive\Escritorio\desition_tree\datos\channel_0\synthetic\call_bc24a38d8bf2__ch0.wav,0.7139395475387573,0.9950683116912842
call_bc2c7c34acea,0,val,C:\Users\jesus\OneDrive\Escritorio\desition_tree\datos\channel_0\human\call_bc2c7c34acea__ch0.wav,0.8092783093452454,0.0066256471909582615
call_bc7120020303,0,train,C:\Users\jesus\OneDrive\Escritorio\desition_tree\datos\channel_0\human\call_bc7120020303__ch0.wav,0.8489657044410706,0.9945845007896423
call_bd2262567810,0,train,C:\Users\jesus\OneDrive\Escritorio\desition_tree\datos\channel_0\human\call_bd2262567810__ch0.wav,0.780285120010376,0.006634371355175972
call_bd98a8224da0,0,val,C:\Users\jesus\OneDrive\Escritorio\desition_tree\datos\channel_0\human\call_bd98a8224da0__ch0.wav,0.18769413232803345,0.006360836327075958
call_bda847d77eef,0,train,C:\Users\jesus\OneDrive\Escritorio\desition_tree\datos\channel_0\human\call_bda847d77eef__ch0.wav,0.5888099670410156,0.0063987355679273605
call_bdfa814252df,1,train,C:\Users\jesus\OneDrive\Escritorio\desition_tree\datos\channel_0\synthetic\call_bdfa814252df__ch0.wav,0.8070080280303955,0.9950435161590576
call_be72006df132,0,val,C:\Users\jesus\OneDrive\Escritorio\desition_tree\datos\channel_0\human\call_be72006df132__ch0.wav,0.16127416491508484,0.006402901373803616
call_bf0384ed27ed,0,val,C:\Users\jesus\OneDrive\Escritorio\desition_tree\datos\channel_0\human\call_bf0384ed27ed__ch0.wav,0.8178133964538574,0.006542189512401819
call_bf4ed1a05c84,0,train,C:\Users\jesus\OneDrive\Escritorio\desition_tree\datos\channel_0\human\call_bf4ed1a05c84__ch0.wav,0.856188178062439,0.006738852709531784
call_c04725672945,1,val,C:\Users\jesus\OneDrive\Escritorio\desition_tree\datos\channel_0\synthetic\call_c04725672945__ch0.wav,0.6549180746078491,0.9950721859931946
call_c1cbe639d50f,1,train,C:\Users\jesus\OneDrive\Escritorio\desition_tree\datos\channel_0\synthetic\call_c1cbe639d50f__ch0.wav,0.8354430198669434,0.9950748085975647
call_c1d95df7a179,1,train,C:\Users\jesus\OneDrive\Escritorio\desition_tree\datos\channel_0\synthetic\call_c1d95df7a179__ch0.wav,0.7589452862739563,0.9950651526451111
call_c21f9cf2390e,1,val,C:\Users\jesus\OneDrive\Escritorio\desition_tree\datos\channel_0\synthetic\call_c21f9cf2390e__ch0.wav,0.545095682144165,0.9950786828994751
call_c337629bcbbb,0,train,C:\Users\jesus\OneDrive\Escritorio\desition_tree\datos\channel_0\human\call_c337629bcbbb__ch0.wav,0.4512990117073059,0.006575465202331543
call_c3417b995627,1,train,C:\Users\jesus\OneDrive\Escritorio\desition_tree\datos\channel_0\synthetic\call_c3417b995627__ch0.wav,0.8755992650985718,0.9950762391090393
call_c3a3ab5fa472,1,train,C:\Users\jesus\OneDrive\Escritorio\desition_tree\datos\channel_0\synthetic\call_c3a3ab5fa472__ch0.wav,0.8808325529098511,0.9950686693191528
call_c3e9e24958f7,1,train,C:\Users\jesus\OneDrive\Escritorio\desition_tree\datos\channel_0\synthetic\call_c3e9e24958f7__ch0.wav,0.8219913840293884,0.9950607419013977
call_c49b6face6c3,1,val,C:\Users\jesus\OneDrive\Escritorio\desition_tree\datos\channel_0\synthetic\call_c49b6face6c3__ch0.wav,0.7400993704795837,0.9950743317604065
call_c4fc8a865292,0,val,C:\Users\jesus\OneDrive\Escritorio\desition_tree\datos\channel_0\human\call_c4fc8a865292__ch0.wav,0.7787464261054993,0.006494573317468166
call_c509bc8280ae,0,train,C:\Users\jesus\OneDrive\Escritorio\desition_tree\datos\channel_0\human\call_c509bc8280ae__ch0.wav,0.33972489833831787,0.006553443148732185
call_c5b04c36bb62,1,train,C:\Users\jesus\OneDrive\Escritorio\desition_tree\datos\channel_0\synthetic\call_c5b04c36bb62__ch0.wav,0.7597833871841431,0.995057225227356
call_c647ee088162,0,train,C:\Users\jesus\OneDrive\Escritorio\desition_tree\datos\channel_0\human\call_c647ee088162__ch0.wav,0.08253110945224762,0.006726928986608982
call_c67ce09b3316,1,train,C:\Users\jesus\OneDrive\Escritorio\desition_tree\datos\channel_0\synthetic\call_c67ce09b3316__ch0.wav,0.8422814011573792,0.9950405955314636
call_c6daaae3eb0f,0,train,C:\Users\jesus\OneDrive\Escritorio\desition_tree\datos\channel_0\human\call_c6daaae3eb0f__ch0.wav,0.08670836687088013,0.006569257937371731
call_c6e878157063,0,train,C:\Users\jesus\OneDrive\Escritorio\desition_tree\datos\channel_0\human\call_c6e878157063__ch0.wav,0.41385260224342346,0.006469528190791607
call_c87e905eb0d7,1,train,C:\Users\jesus\OneDrive\Escritorio\desition_tree\datos\channel_0\synthetic\call_c87e905eb0d7__ch0.wav,0.8023524880409241,0.9950756430625916
call_ca184bb77a63,0,val,C:\Users\jesus\OneDrive\Escritorio\desition_tree\datos\channel_0\human\call_ca184bb77a63__ch0.wav,0.0071113212034106255,0.0065384963527321815
call_ca5206a4f854,1,train,C:\Users\jesus\OneDrive\Escritorio\desition_tree\datos\channel_0\synthetic\call_ca5206a4f854__ch0.wav,0.257623553276062,0.9950377345085144
call_cbad95f3aabc,1,train,C:\Users\jesus\OneDrive\Escritorio\desition_tree\datos\channel_0\synthetic\call_cbad95f3aabc__ch0.wav,0.8503692746162415,0.9950708150863647
call_cbb902adb22a,0,train,C:\Users\jesus\OneDrive\Escritorio\desition_tree\datos\channel_0\human\call_cbb902adb22a__ch0.wav,0.13537195324897766,0.006582409143447876
call_ce3072c8e106,1,train,C:\Users\jesus\OneDrive\Escritorio\desition_tree\datos\channel_0\synthetic\call_ce3072c8e106__ch0.wav,0.8830328583717346,0.9950737357139587
call_ce6146a1c53e,1,train,C:\Users\jesus\OneDrive\Escritorio\desition_tree\datos\channel_0\synthetic\call_ce6146a1c53e__ch0.wav,0.8102941513061523,0.9950762391090393
call_cea74e96e420,1,train,C:\Users\jesus\OneDrive\Escritorio\desition_tree\datos\channel_0\synthetic\call_cea74e96e420__ch0.wav,0.8662517070770264,0.9950786828994751
call_cf313f91b995,0,val,C:\Users\jesus\OneDrive\Escritorio\desition_tree\datos\channel_0\human\call_cf313f91b995__ch0.wav,0.6954150199890137,0.006500071845948696
call_d0442c9e97b7,1,train,C:\Users\jesus\OneDrive\Escritorio\desition_tree\datos\channel_0\synthetic\call_d0442c9e97b7__ch0.wav,0.798888623714447,0.9950490593910217
call_d13864e1e455,1,train,C:\Users\jesus\OneDrive\Escritorio\desition_tree\datos\channel_0\synthetic\call_d13864e1e455__ch0.wav,0.85016268491745,0.9950644373893738
call_d13e6463c6fb,0,train,C:\Users\jesus\OneDrive\Escritorio\desition_tree\datos\channel_0\human\call_d13e6463c6fb__ch0.wav,0.17250406742095947,0.006679215002804995
call_d147a02786d2,1,train,C:\Users\jesus\OneDrive\Escritorio\desition_tree\datos\channel_0\synthetic\call_d147a02786d2__ch0.wav,0.5463200807571411,0.9950540065765381
call_d17b2416d506,1,train,C:\Users\jesus\OneDrive\Escritorio\desition_tree\datos\channel_0\synthetic\call_d17b2416d506__ch0.wav,0.8522142171859741,0.9950672388076782
call_d38f7d5159e7,0,train,C:\Users\jesus\OneDrive\Escritorio\desition_tree\datos\channel_0\human\call_d38f7d5159e7__ch0.wav,0.07003619521856308,0.006327917333692312
call_d3e854cbb77d,0,train,C:\Users\jesus\OneDrive\Escritorio\desition_tree\datos\channel_0\human\call_d3e854cbb77d__ch0.wav,0.11384221166372299,0.0066025699488818645
call_d437831f4543,1,train,C:\Users\jesus\OneDrive\Escritorio\desition_tree\datos\channel_0\synthetic\call_d437831f4543__ch0.wav,0.8706778883934021,0.9950571060180664
call_d4518fcb700a,1,val,C:\Users\jesus\OneDrive\Escritorio\desition_tree\datos\channel_0\synthetic\call_d4518fcb700a__ch0.wav,0.7445036768913269,0.9950758814811707
call_d557fa43925b,0,train,C:\Users\jesus\OneDrive\Escritorio\desition_tree\datos\channel_0\human\call_d557fa43925b__ch0.wav,0.36643797159194946,0.006750361993908882
call_d5d00276dd35,0,train,C:\Users\jesus\OneDrive\Escritorio\desition_tree\datos\channel_0\human\call_d5d00276dd35__ch0.wav,0.013963514938950539,0.006698248442262411
call_d60330be1b1f,0,val,C:\Users\jesus\OneDrive\Escritorio\desition_tree\datos\channel_0\human\call_d60330be1b1f__ch0.wav,0.02874569408595562,0.006559605710208416
call_d72a7cb67eb0,0,train,C:\Users\jesus\OneDrive\Escritorio\desition_tree\datos\channel_0\human\call_d72a7cb67eb0__ch0.wav,0.70356684923172,0.006543801166117191
call_d80d9f6f7884,0,train,C:\Users\jesus\OneDrive\Escritorio\desition_tree\datos\channel_0\human\call_d80d9f6f7884__ch0.wav,0.2393195927143097,0.0064910342916846275
call_d88d3c23953c,1,val,C:\Users\jesus\OneDrive\Escritorio\desition_tree\datos\channel_0\synthetic\call_d88d3c23953c__ch0.wav,0.8755616545677185,0.9950805902481079
call_d88d8e15e430,1,train,C:\Users\jesus\OneDrive\Escritorio\desition_tree\datos\channel_0\synthetic\call_d88d8e15e430__ch0.wav,0.7156344652175903,0.995050847530365
call_d89caa393417,1,train,C:\Users\jesus\OneDrive\Escritorio\desition_tree\datos\channel_0\synthetic\call_d89caa393417__ch0.wav,0.38377174735069275,0.9950277209281921
call_d9b9c625f406,1,train,C:\Users\jesus\OneDrive\Escritorio\desition_tree\datos\channel_0\synthetic\call_d9b9c625f406__ch0.wav,0.825809121131897,0.9950348138809204
call_db5326bcb672,0,train,C:\Users\jesus\OneDrive\Escritorio\desition_tree\datos\channel_0\human\call_db5326bcb672__ch0.wav,0.40478482842445374,0.006547900382429361
call_dc1a55102190,0,val,C:\Users\jesus\OneDrive\Escritorio\desition_tree\datos\channel_0\human\call_dc1a55102190__ch0.wav,0.026169467717409134,0.006441898178309202
call_dcdbcc7d70e4,1,train,C:\Users\jesus\OneDrive\Escritorio\desition_tree\datos\channel_0\synthetic\call_dcdbcc7d70e4__ch0.wav,0.7247248888015747,0.995061457157135
call_ddeabfdb99d4,0,train,C:\Users\jesus\OneDrive\Escritorio\desition_tree\datos\channel_0\human\call_ddeabfdb99d4__ch0.wav,0.1452212631702423,0.006396356038749218
call_ddf2da1910f1,0,train,C:\Users\jesus\OneDrive\Escritorio\desition_tree\datos\channel_0\human\call_ddf2da1910f1__ch0.wav,0.7503334283828735,0.006391681730747223
call_df3e278ab7fe,1,train,C:\Users\jesus\OneDrive\Escritorio\desition_tree\datos\channel_0\synthetic\call_df3e278ab7fe__ch0.wav,0.7061650156974792,0.9950644373893738
call_df75973c8794,1,train,C:\Users\jesus\OneDrive\Escritorio\desition_tree\datos\channel_0\synthetic\call_df75973c8794__ch0.wav,0.6165942549705505,0.9950616955757141
call_e0a8703be347,1,train,C:\Users\jesus\OneDrive\Escritorio\desition_tree\datos\channel_0\synthetic\call_e0a8703be347__ch0.wav,0.7331922054290771,0.9950673580169678
call_e0c1f661d9ca,0,train,C:\Users\jesus\OneDrive\Escritorio\desition_tree\datos\channel_0\human\call_e0c1f661d9ca__ch0.wav,0.21114051342010498,0.006452698260545731
call_e106a61086bb,1,train,C:\Users\jesus\OneDrive\Escritorio\desition_tree\datos\channel_0\synthetic\call_e106a61086bb__ch0.wav,0.8029006719589233,0.9950725436210632
call_e118b75d4937,0,train,C:\Users\jesus\OneDrive\Escritorio\desition_tree\datos\channel_0\human\call_e118b75d4937__ch0.wav,0.27646493911743164,0.006377754267305136
call_e2200941723b,1,train,C:\Users\jesus\OneDrive\Escritorio\desition_tree\datos\channel_0\synthetic\call_e2200941723b__ch0.wav,0.7450773119926453,0.9950588941574097
call_e2d538297f0c,0,val,C:\Users\jesus\OneDrive\Escritorio\desition_tree\datos\channel_0\human\call_e2d538297f0c__ch0.wav,0.5017556548118591,0.006494111847132444
call_e3064936e37a,1,train,C:\Users\jesus\OneDrive\Escritorio\desition_tree\datos\channel_0\synthetic\call_e3064936e37a__ch0.wav,0.9025120139122009,0.9950754046440125
call_e3084824935d,1,train,C:\Users\jesus\OneDrive\Escritorio\desition_tree\datos\channel_0\synthetic\call_e3084824935d__ch0.wav,0.5881173610687256,0.994944155216217
call_e31bf946a8fa,0,train,C:\Users\jesus\OneDrive\Escritorio\desition_tree\datos\channel_0\human\call_e31bf946a8fa__ch0.wav,0.28575098514556885,0.006726422812789679
call_e329faf2b6a1,1,val,C:\Users\jesus\OneDrive\Escritorio\desition_tree\datos\channel_0\synthetic\call_e329faf2b6a1__ch0.wav,0.6767829656600952,0.9950677156448364
call_e3f555297277,1,val,C:\Users\jesus\OneDrive\Escritorio\desition_tree\datos\channel_0\synthetic\call_e3f555297277__ch0.wav,0.5401222705841064,0.9950762391090393
call_e4d9c2e0947a,0,train,C:\Users\jesus\OneDrive\Escritorio\desition_tree\datos\channel_0\human\call_e4d9c2e0947a__ch0.wav,0.0993456095457077,0.0068256063386797905
call_e58669998b76,0,val,C:\Users\jesus\OneDrive\Escritorio\desition_tree\datos\channel_0\human\call_e58669998b76__ch0.wav,0.04419652372598648,0.006352445110678673
call_e618b7b1fa5b,0,train,C:\Users\jesus\OneDrive\Escritorio\desition_tree\datos\channel_0\human\call_e618b7b1fa5b__ch0.wav,0.40986868739128113,0.006817494053393602
call_e697765a4dfd,1,train,C:\Users\jesus\OneDrive\Escritorio\desition_tree\datos\channel_0\synthetic\call_e697765a4dfd__ch0.wav,0.7349783182144165,0.9950592517852783
call_e69e8ba551e4,0,train,C:\Users\jesus\OneDrive\Escritorio\desition_tree\datos\channel_0\human\call_e69e8ba551e4__ch0.wav,0.3518947958946228,0.006219704169780016
call_e6c59d28e6d7,1,train,C:\Users\jesus\OneDrive\Escritorio\desition_tree\datos\channel_0\synthetic\call_e6c59d28e6d7__ch0.wav,0.31879231333732605,0.9950286746025085
call_e9bd33cdb226,0,val,C:\Users\jesus\OneDrive\Escritorio\desition_tree\datos\channel_0\human\call_e9bd33cdb226__ch0.wav,0.8603919148445129,0.006553058046847582
call_eb1c9a5a2c08,0,train,C:\Users\jesus\OneDrive\Escritorio\desition_tree\datos\channel_0\human\call_eb1c9a5a2c08__ch0.wav,0.0837978795170784,0.006643881089985371
call_ec545493459e,1,train,C:\Users\jesus\OneDrive\Escritorio\desition_tree\datos\channel_0\synthetic\call_ec545493459e__ch0.wav,0.9058169722557068,0.9950798749923706
call_ec58505fc522,0,train,C:\Users\jesus\OneDrive\Escritorio\desition_tree\datos\channel_0\human\call_ec58505fc522__ch0.wav,0.37910619378089905,0.006485350430011749
call_ed020e30c242,1,train,C:\Users\jesus\OneDrive\Escritorio\desition_tree\datos\channel_0\synthetic\call_ed020e30c242__ch0.wav,0.7885162234306335,0.9948765635490417
call_ed041799aed9,0,train,C:\Users\jesus\OneDrive\Escritorio\desition_tree\datos\channel_0\human\call_ed041799aed9__ch0.wav,0.8431453108787537,0.006427042651921511
call_ed99e3ea3f0e,1,train,C:\Users\jesus\OneDrive\Escritorio\desition_tree\datos\channel_0\synthetic\call_ed99e3ea3f0e__ch0.wav,0.7496293187141418,0.9950616955757141
call_ee227bc9d7ac,0,train,C:\Users\jesus\OneDrive\Escritorio\desition_tree\datos\channel_0\human\call_ee227bc9d7ac__ch0.wav,0.7840797305107117,0.006432575173676014
call_eed2c7389776,1,val,C:\Users\jesus\OneDrive\Escritorio\desition_tree\datos\channel_0\synthetic\call_eed2c7389776__ch0.wav,0.8677027821540833,0.9950798749923706
call_f003741555a1,0,train,C:\Users\jesus\OneDrive\Escritorio\desition_tree\datos\channel_0\human\call_f003741555a1__ch0.wav,0.054336901754140854,0.006582281086593866
call_f0ad1cf1aa6a,1,train,C:\Users\jesus\OneDrive\Escritorio\desition_tree\datos\channel_0\synthetic\call_f0ad1cf1aa6a__ch0.wav,0.7735020518302917,0.9950763583183289
call_f1372119b403,1,train,C:\Users\jesus\OneDrive\Escritorio\desition_tree\datos\channel_0\synthetic\call_f1372119b403__ch0.wav,0.821985125541687,0.9948805570602417
call_f1b82a4a46f6,0,val,C:\Users\jesus\OneDrive\Escritorio\desition_tree\datos\channel_0\human\call_f1b82a4a46f6__ch0.wav,0.03526521474123001,0.006372416857630014
call_f202d4ff9f96,0,train,C:\Users\jesus\OneDrive\Escritorio\desition_tree\datos\channel_0\human\call_f202d4ff9f96__ch0.wav,0.13933415710926056,0.006745222955942154
call_f23bfe7d0e9e,1,train,C:\Users\jesus\OneDrive\Escritorio\desition_tree\datos\channel_0\synthetic\call_f23bfe7d0e9e__ch0.wav,0.8441300392150879,0.9950620532035828
call_f27db4ab1f5a,1,train,C:\Users\jesus\OneDrive\Escritorio\desition_tree\datos\channel_0\synthetic\call_f27db4ab1f5a__ch0.wav,0.6212418675422668,0.9931628704071045
call_f2ab1c408b36,1,train,C:\Users\jesus\OneDrive\Escritorio\desition_tree\datos\channel_0\synthetic\call_f2ab1c408b36__ch0.wav,0.874191403388977,0.9950785636901855
call_f331303c4fb8,0,train,C:\Users\jesus\OneDrive\Escritorio\desition_tree\datos\channel_0\human\call_f331303c4fb8__ch0.wav,0.2868887186050415,0.0064080036245286465
call_f5251fb3b1d9,1,train,C:\Users\jesus\OneDrive\Escritorio\desition_tree\datos\channel_0\synthetic\call_f5251fb3b1d9__ch0.wav,0.8741844296455383,0.9950786828994751
call_f68d3459fdc7,1,train,C:\Users\jesus\OneDrive\Escritorio\desition_tree\datos\channel_0\synthetic\call_f68d3459fdc7__ch0.wav,0.6591328382492065,0.9950680732727051
call_f6ce5de7ac09,1,val,C:\Users\jesus\OneDrive\Escritorio\desition_tree\datos\channel_0\synthetic\call_f6ce5de7ac09__ch0.wav,0.4632185697555542,0.9950749278068542
call_f9fbabf70f7e,1,val,C:\Users\jesus\OneDrive\Escritorio\desition_tree\datos\channel_0\synthetic\call_f9fbabf70f7e__ch0.wav,0.8266756534576416,0.9950838685035706
call_fa26d1186721,0,val,C:\Users\jesus\OneDrive\Escritorio\desition_tree\datos\channel_0\human\call_fa26d1186721__ch0.wav,0.7223837971687317,0.006479370873421431
call_fa4d7f2897f4,0,train,C:\Users\jesus\OneDrive\Escritorio\desition_tree\datos\channel_0\human\call_fa4d7f2897f4__ch0.wav,0.4168839156627655,0.00646202964708209
call_fa9e18dd83dd,1,val,C:\Users\jesus\OneDrive\Escritorio\desition_tree\datos\channel_0\synthetic\call_fa9e18dd83dd__ch0.wav,0.3345434367656708,0.9950656294822693
call_fb1405943fed,0,val,C:\Users\jesus\OneDrive\Escritorio\desition_tree\datos\channel_0\human\call_fb1405943fed__ch0.wav,0.34070655703544617,0.006794982589781284
call_fc8bda4b3374,1,val,C:\Users\jesus\OneDrive\Escritorio\desition_tree\datos\channel_0\synthetic\call_fc8bda4b3374__ch0.wav,0.6102597713470459,0.9950732588768005
call_fce92bad5095,0,train,C:\Users\jesus\OneDrive\Escritorio\desition_tree\datos\channel_0\human\call_fce92bad5095__ch0.wav,0.19369137287139893,0.006353526376187801
call_fdc3a7dac09f,1,train,C:\Users\jesus\OneDrive\Escritorio\desition_tree\datos\channel_0\synthetic\call_fdc3a7dac09f__ch0.wav,0.7156684994697571,0.995032548904419
call_fdc44f969ade,1,train,C:\Users\jesus\OneDrive\Escritorio\desition_tree\datos\channel_0\synthetic\call_fdc44f969ade__ch0.wav,0.7439749836921692,0.9950344562530518
call_fe828697f60d,1,train,C:\Users\jesus\OneDrive\Escritorio\desition_tree\datos\channel_0\synthetic\call_fe828697f60d__ch0.wav,0.7409720420837402,0.9950665235519409
call_fe8e4fc3ef69,1,train,C:\Users\jesus\OneDrive\Escritorio\desition_tree\datos\channel_0\synthetic\call_fe8e4fc3ef69__ch0.wav,0.7644335031509399,0.9950240254402161
call_feaca5a8cd14,1,train,C:\Users\jesus\OneDrive\Escritorio\desition_tree\datos\channel_0\synthetic\call_feaca5a8cd14__ch0.wav,0.6822353601455688,0.995058536529541
call_ff4042587962,1,train,C:\Users\jesus\OneDrive\Escritorio\desition_tree\datos\channel_0\synthetic\call_ff4042587962__ch0.wav,0.5257355570793152,0.9950153231620789
call_fff8cae57de7,0,train,C:\Users\jesus\OneDrive\Escritorio\desition_tree\datos\channel_0\human\call_fff8cae57de7__ch0.wav,0.6393569111824036,0.006547150667756796
